[
   {
      "model":"dashboard.job",
      "pk":1,
      "fields":{
         "ci_dataset":"cfht",
         "ci_id":"1",
         "ci_label":"centos-7",
         "date":"2016-09-15T00:00:00.001Z",
         "ci_name":"validate_drp",
         "status":0,
         "ci_url":"https://ci.lsst.codes/job/ci_cfht/1/"
      }
   },
   {
      "model":"dashboard.job",
      "pk":2,
      "fields":{
         "ci_dataset":"cfht",
         "ci_id":"2",
         "ci_label":"centos-7",
         "date":"2016-09-15T08:00:00.001Z",
         "ci_name":"validate_drp",
         "status":0,
         "ci_url":"https://ci.lsst.codes/job/ci_cfht/2/"
      }
   },
   {
      "model":"dashboard.job",
      "pk":3,
      "fields":{
         "ci_dataset":"cfht",
         "ci_id":"3",
         "ci_label":"centos-7",
         "date":"2016-09-15T16:00:00.001Z",
         "ci_name":"validate_drp",
         "status":0,
         "ci_url":"https://ci.lsst.codes/job/ci_cfht/3/"
      }
   },
   {
      "model":"dashboard.job",
      "pk":4,
      "fields":{
         "ci_dataset":"cfht",
         "ci_id":"5",
         "ci_label":"centos-7",
         "date":"2016-09-16T08:00:00.001Z",
         "ci_name":"validate_drp",
         "status":0,
         "ci_url":"https://ci.lsst.codes/job/ci_cfht/3/"
      }
   },
   {
      "model":"dashboard.job",
      "pk":5,
      "fields":{
         "ci_dataset":"cfht",
         "ci_id":"6",
         "ci_label":"centos-7",
         "date":"2016-09-16T16:00:00.001Z",
         "ci_name":"validate_drp",
         "status":0,
         "ci_url":"https://ci.lsst.codes/job/ci_cfht/3/"
      }
   },
   {
      "model":"dashboard.job",
      "pk":6,
      "fields":{
         "ci_dataset":"decam",
         "ci_id":"1",
         "ci_label":"centos-7",
         "date":"2016-09-15T00:00:00.001Z",
         "ci_name":"validate_drp",
         "status":0,
         "ci_url":"https://ci.lsst.codes/job/ci_cfht/3/"
      }
   },
   {
      "model":"dashboard.job",
      "pk":7,
      "fields":{
         "ci_dataset":"decam",
         "ci_id":"2",
         "ci_label":"centos-7",
         "date":"2016-09-15T08:00:00.001Z",
         "ci_name":"validate_drp",
         "status":0,
         "ci_url":"https://ci.lsst.codes/job/ci_cfht/3/"
      }
   },
   {
      "model":"dashboard.job",
      "pk":8,
      "fields":{
         "ci_dataset":"decam",
         "ci_id":"3",
         "ci_label":"centos-7",
         "date":"2016-09-15T16:00:00.001Z",
         "ci_name":"validate_drp",
         "status":0,
         "ci_url":"https://ci.lsst.codes/job/ci_cfht/3/"
      }
   },
    {
      "model":"dashboard.job",
      "pk":9,
      "fields":{
         "ci_dataset":"decam",
         "ci_id":"5",
         "ci_label":"centos-7",
         "date":"2016-09-16T08:00:00.001Z",
         "ci_name":"validate_drp",
         "status":0,
         "ci_url":"https://ci.lsst.codes/job/ci_cfht/3/"
      }
   },
   {
      "model":"dashboard.job",
      "pk":10,
      "fields":{
         "ci_dataset":"decam",
         "ci_id":"6",
         "ci_label":"centos-7",
         "date":"2016-09-16T16:00:00.001Z",
         "ci_name":"validate_drp",
         "status":0,
         "ci_url":"https://ci.lsst.codes/job/ci_cfht/3/"
      }
   },
   {
      "model":"dashboard.versionedpackage",
      "pk":1,
      "fields":{
         "git_url":"https://github.com/lsst/afw.git",
         "git_commit":"fc355a99abe3425003b0e5fbe1e13a39644b1e95",
         "build_version":"b2000",
         "name":"afw",
         "git_branch":"master",
         "job":1
      }
   },
   {
      "model":"dashboard.versionedpackage",
      "pk":2,
      "fields":{
         "git_url":"https://github.com/lsst/afw.git",
         "git_commit":"fc355a99abe3425003b0e5fbe1e13a39644b1e95",
         "build_version":"b2000",
         "name":"afw",
         "git_branch":"master",
         "job":2
      }
   },
   {
      "model":"dashboard.versionedpackage",
      "pk":3,
      "fields":{
         "git_url":"https://github.com/lsst/afw.git",
         "git_commit":"fc355a99abe3425003b0e5fbe1e13a39644b1e95",
         "build_version":"b2000",
         "name":"afw",
         "git_branch":"master",
         "job":3
      }
   },
   {
      "model":"dashboard.versionedpackage",
      "pk":4,
      "fields":{
         "git_url":"https://github.com/lsst/afw.git",
         "git_commit":"fc355a99abe3425003b0e5fbe1e13a39644b1e95",
         "build_version":"b2000",
         "name":"afw",
         "git_branch":"master",
         "job":4
      }
   },
   {
      "model":"dashboard.versionedpackage",
      "pk":5,
      "fields":{
         "git_url":"https://github.com/lsst/afw.git",
         "git_commit":"fc355a99abe3425003b0e5fbe1e13a39644b1e95",
         "build_version":"b2000",
         "name":"afw",
         "git_branch":"master",
         "job":5
      }
   },
   {
      "model":"dashboard.versionedpackage",
      "pk":6,
      "fields":{
         "git_url":"https://github.com/lsst/afw.git",
         "git_commit":"fc355a99abe3425003b0e5fbe1e13a39644b1e95",
         "build_version":"b2000",
         "name":"afw",
         "git_branch":"master",
         "job":6
      }
   },
   {
      "model":"dashboard.versionedpackage",
      "pk":7,
      "fields":{
         "git_url":"https://github.com/lsst/afw.git",
         "git_commit":"fc355a99abe3425003b0e5fbe1e13a39644b1e95",
         "build_version":"b2000",
         "name":"afw",
         "git_branch":"master",
         "job":7
      }
   },
   {
      "model":"dashboard.versionedpackage",
      "pk":8,
      "fields":{
         "git_url":"https://github.com/lsst/afw.git",
         "git_commit":"fc355a99abe3425003b0e5fbe1e13a39644b1e95",
         "build_version":"b2000",
         "name":"afw",
         "git_branch":"master",
         "job":8
      }
   },
   {
      "model":"dashboard.versionedpackage",
      "pk":9,
      "fields":{
         "git_url":"https://github.com/lsst/afw.git",
         "git_commit":"fc355a99abe3425003b0e5fbe1e13a39644b1e95",
         "build_version":"b2000",
         "name":"afw",
         "git_branch":"master",
         "job":9
      }
   },
   {
      "model":"dashboard.versionedpackage",
      "pk":10,
      "fields":{
         "git_url":"https://github.com/lsst/afw.git",
         "git_commit":"fc355a99abe3425003b0e5fbe1e13a39644b1e95",
         "build_version":"b2000",
         "name":"afw",
         "git_branch":"master",
         "job":10
      }
   },
   {
      "model":"dashboard.measurement",
      "pk":1,
      "fields":{
         "metric":"AM1",
         "value":4.0,
         "job":1
      }
   },
   {
      "model":"dashboard.measurement",
      "pk":2,
      "fields":{
         "metric":"AM2",
         "value":5.0,
         "job":1
      }
   },
   {
      "model":"dashboard.measurement",
      "pk":3,
      "fields":{
         "metric":"PA1",
         "value":7.0,
         "job":1
      }
   },
   {
      "model":"dashboard.measurement",
      "pk":4,
      "fields":{
         "metric":"AM1",
         "value":6.0,
         "job":2
      }
   },
   {
      "model":"dashboard.measurement",
      "pk":5,
      "fields":{
         "metric":"AM2",
         "value":10.0,
         "job":2
      }
   },
   {
      "model":"dashboard.measurement",
      "pk":6,
      "fields":{
         "metric":"PA1",
         "value":3.0,
         "job":2
      }
   },
   {
      "model":"dashboard.measurement",
      "pk":7,
      "fields":{
         "metric":"AM1",
         "value":2.0,
         "job":3
      }
   },
   {
      "model":"dashboard.measurement",
      "pk":8,
      "fields":{
         "metric":"AM2",
         "value":8.0,
         "job":3
      }
   },
   {
      "model":"dashboard.measurement",
      "pk":9,
      "fields":{
         "metric":"PA1",
         "value":5.0,
         "job":3
      }
   },
   {
      "model":"dashboard.measurement",
      "pk":10,
      "fields":{
         "metric":"AM1",
         "value":2.0,
         "job":4
      }
   },
   {
      "model":"dashboard.measurement",
      "pk":11,
      "fields":{
         "metric":"AM2",
         "value":10.0,
         "job":4
      }
   },
   {
      "model":"dashboard.measurement",
      "pk":12,
      "fields":{
         "metric":"PA1",
         "value":3.0,
         "job":4
      }
   },
   {
      "model":"dashboard.measurement",
      "pk":13,
      "fields":{
         "metric":"AM1",
         "value":1.0,
         "job":5
      }
   },
   {
      "model":"dashboard.measurement",
      "pk":14,
      "fields":{
         "metric":"AM2",
         "value":5.0,
         "job":5
      }
   },
   {
      "model":"dashboard.measurement",
      "pk":15,
      "fields":{
         "metric":"PA1",
         "value":7.0,
         "job":5
      }
   },
   {
      "model":"dashboard.measurement",
      "pk":16,
      "fields":{
         "metric":"AM1",
         "value":1.0,
         "job":6
      }
   },
   {
      "model":"dashboard.measurement",
      "pk":17,
      "fields":{
         "metric":"AM2",
         "value":8.0,
         "job":6
      }
   },
   {
      "model":"dashboard.measurement",
      "pk":18,
      "fields":{
         "metric":"PA1",
         "value":5.0,
         "job":6
      }
   },
   {
      "model":"dashboard.measurement",
      "pk":19,
      "fields":{
         "metric":"AM2",
         "value":5.0,
         "job":7
      }
   },
   {
      "model":"dashboard.measurement",
      "pk":20,
      "fields":{
         "metric":"AM1",
         "value":5.0,
         "job":7
      }
   },
   {
      "model":"dashboard.measurement",
      "pk":21,
      "fields":{
         "metric":"PA1",
         "value":5.0,
         "job":7
      }
   },
   {
      "model":"dashboard.measurement",
      "pk":22,
      "fields":{
         "metric":"AM2",
         "value":5.0,
         "job":8
      }
   },
   {
      "model":"dashboard.measurement",
      "pk":23,
      "fields":{
         "metric":"AM1",
         "value":5.0,
         "job":8
      }
   },
   {
      "model":"dashboard.measurement",
      "pk":24,
      "fields":{
         "metric":"PA1",
         "value":5.0,
         "job":8
      }
   },
   {
      "model":"dashboard.measurement",
      "pk":25,
      "fields":{
         "metric":"AM2",
         "value":5.0,
         "job":9
      }
   },
   {
      "model":"dashboard.measurement",
      "pk":26,
      "fields":{
         "metric":"AM1",
         "value":5.0,
         "job":9
      }
   },
   {
      "model":"dashboard.measurement",
      "pk":27,
      "fields":{
         "metric":"PA1",
         "value":5.0,
         "job":9
      }
   },
   {
      "model":"dashboard.measurement",
      "pk":28,
      "fields":{
         "metric":"AM2",
         "value":5.0,
         "job":10
      }
   },
   {
      "model":"dashboard.measurement",
      "pk":29,
      "fields":{
         "metric":"AM1",
         "value":5.0,
         "job":10
      }
   },
   {
      "model":"dashboard.measurement",
      "pk":30,
      "fields":{
         "metric":"PA1",
         "value":5.0,
         "job":10
      }
   }
]

