[
   {
      "model":"dashboard.job",
      "pk":1,
      "fields":{
         "ci_dataset":"cfht",
         "ci_id":"1",
         "ci_label":"centos-7",
         "date":"2016-09-15T00:00:00.001Z",
         "ci_name":"validate_drp",
         "status":0,
         "ci_url":"https://ci.lsst.codes/job/ci_cfht/1/"
      }
   },
  {
      "model":"dashboard.job",
      "pk":2,
      "fields":{
         "ci_dataset":"decam",
         "ci_id":"1",
         "ci_label":"centos-7",
         "date":"2016-09-15T00:00:00.001Z",
         "ci_name":"validate_drp",
         "status":0,
         "ci_url":"https://ci.lsst.codes/job/ci_decam/1/"
      }
   },
   {
      "model":"dashboard.job",
      "pk":3,
      "fields":{
         "ci_dataset":"cfht",
         "ci_id":"2",
         "ci_label":"centos-7",
         "date":"2016-09-15T08:00:00.001Z",
         "ci_name":"validate_drp",
         "status":0,
         "ci_url":"https://ci.lsst.codes/job/ci_cfht/2/"
      }
   },
   {
      "model":"dashboard.job",
      "pk":4,
      "fields":{
         "ci_dataset":"decam",
         "ci_id":"2",
         "ci_label":"centos-7",
         "date":"2016-09-15T08:00:00.001Z",
         "ci_name":"validate_drp",
         "status":0,
         "ci_url":"https://ci.lsst.codes/job/ci_decam/2/"
      }
   },
   {
      "model":"dashboard.job",
      "pk":5,
      "fields":{
         "ci_dataset":"cfht",
         "ci_id":"3",
         "ci_label":"centos-7",
         "date":"2016-09-15T16:00:00.001Z",
         "ci_name":"validate_drp",
         "status":0,
         "ci_url":"https://ci.lsst.codes/job/ci_cfht/3/"
      }
  },
  {
      "model":"dashboard.job",
      "pk":6,
      "fields":{
         "ci_dataset":"decam",
         "ci_id":"3",
         "ci_label":"centos-7",
         "date":"2016-09-15T16:00:00.001Z",
         "ci_name":"validate_drp",
         "status":0,
         "ci_url":"https://ci.lsst.codes/job/ci_decam/3/"
      }
   },
    {
      "model":"dashboard.job",
      "pk":7,
      "fields":{
         "ci_dataset":"cfht",
         "ci_id":"5",
         "ci_label":"centos-7",
         "date":"2016-09-16T08:00:00.001Z",
         "ci_name":"validate_drp",
         "status":0,
         "ci_url":"https://ci.lsst.codes/job/ci_cfht/5/"
      }
   },
  {
      "model":"dashboard.job",
      "pk":8,
      "fields":{
         "ci_dataset":"decam",
         "ci_id":"5",
         "ci_label":"centos-7",
         "date":"2016-09-16T08:00:00.001Z",
         "ci_name":"validate_drp",
         "status":0,
         "ci_url":"https://ci.lsst.codes/job/ci_decam/5/"
      }
   }, {
      "model":"dashboard.job",
      "pk":9,
      "fields":{
         "ci_dataset":"cfht",
         "ci_id":"6",
         "ci_label":"centos-7",
         "date":"2016-09-16T16:00:00.001Z",
         "ci_name":"validate_drp",
         "status":0,
         "ci_url":"https://ci.lsst.codes/job/ci_cfht/6/"
      }
   },
  {
      "model":"dashboard.job",
      "pk":10,
      "fields":{
         "ci_dataset":"decam",
         "ci_id":"6",
         "ci_label":"centos-7",
         "date":"2016-09-16T16:00:00.001Z",
         "ci_name":"validate_drp",
         "status":0,
         "ci_url":"https://ci.lsst.codes/job/ci_decam/6/"
      }
   }, {
      "model":"dashboard.job",
      "pk":11,
      "fields":{
         "ci_dataset":"cfht",
         "ci_id":"7",
         "ci_label":"centos-7",
         "date":"2016-09-17T00:00:00.001Z",
         "ci_name":"validate_drp",
         "status":0,
         "ci_url":"https://ci.lsst.codes/job/ci_cfht/7/"
      }
    },
   {
      "model":"dashboard.job",
      "pk":12,
      "fields":{
         "ci_dataset":"decam",
         "ci_id":"7",
         "ci_label":"centos-7",
         "date":"2016-09-17T00:00:00.001Z",
         "ci_name":"validate_drp",
         "status":0,
         "ci_url":"https://ci.lsst.codes/job/ci_dataset7/"
      }
   },
   {
      "model": "dashboard.versionedpackage",
      "pk": 1,
      "fields": {
         "git_url": "https://github.com/lsst/afw.git",
         "git_commit": "a4754adfdf852d1c4c55d331e6d75dc690a41029",
         "build_version": "b2000",
         "name": "afw",
         "git_branch": "master",
         "job": 1
      }
   },
   {
      "model":"dashboard.versionedpackage",
      "pk":2,
      "fields":{
         "name": "cfitsio",
         "git_url": "https://github.com/lsst/cfitsio.git",
         "git_commit": "b56ecf282e296255677bc23bc742639d726270fa",
         "git_branch": "master",
         "build_version": "3360.lsst4",
         "job":1
      }
   },
   {
      "model":"dashboard.versionedpackage",
      "pk":3,
      "fields":{
         "git_url":"https://github.com/lsst/afw.git",
         "git_commit": "a4754adfdf852d1c4c55d331e6d75dc690a41029",
         "build_version":"b2000",
         "name":"afw",
         "git_branch":"master",
         "job":2
      }
   },
   {
      "model":"dashboard.versionedpackage",
      "pk":4,
      "fields":{
         "name": "cfitsio",
         "git_url": "https://github.com/lsst/cfitsio.git",
         "git_commit": "b56ecf282e296255677bc23bc742639d726270fa",
         "git_branch": "master",
         "build_version": "3360.lsst4",
         "job":2
      }
   },
    {
      "model":"dashboard.versionedpackage",
      "pk":5,
      "fields":{
         "git_url":"https://github.com/lsst/afw.git",
         "git_commit":"f7cf9bf6b70af7e3a1ad04f4207a3d14aaad1cc6",
         "build_version":"b2000",
         "name":"afw",
         "git_branch":"master",
         "job":3
      }
   },
   {
      "model":"dashboard.versionedpackage",
      "pk":6,
      "fields":{
         "name": "cfitsio",
         "git_url": "https://github.com/lsst/cfitsio.git",
         "git_commit": "b56ecf282e296255677bc23bc742639d726270fa",
         "git_branch": "master",
         "build_version": "3360.lsst4",
         "job":3
      }
   },
   {
      "model":"dashboard.versionedpackage",
      "pk":7,
      "fields":{
         "git_url":"https://github.com/lsst/afw.git",
         "git_commit":"f7cf9bf6b70af7e3a1ad04f4207a3d14aaad1cc6",
         "build_version":"b2000",
         "name":"afw",
         "git_branch":"master",
         "job":4
      }
   },
   {
      "model":"dashboard.versionedpackage",
      "pk":8,
      "fields":{
         "name": "cfitsio",
         "git_url": "https://github.com/lsst/cfitsio.git",
         "git_commit": "b56ecf282e296255677bc23bc742639d726270fa",
         "git_branch": "master",
         "build_version": "3360.lsst4",
         "job":4
      }
   },
    {
      "model":"dashboard.versionedpackage",
      "pk":9,
      "fields":{
         "git_url":"https://github.com/lsst/afw.git",
         "git_commit":"f7cf9bf6b70af7e3a1ad04f4207a3d14aaad1cc6",
         "build_version":"b2000",
         "name":"afw",
         "git_branch":"master",
         "job":5
      }
   },
   {
      "model":"dashboard.versionedpackage",
      "pk":10,
      "fields":{
         "name": "cfitsio",
         "git_url": "https://github.com/lsst/cfitsio.git",
         "git_commit": "b56ecf282e296255677bc23bc742639d726270fa",
         "git_branch": "master",
         "build_version": "3360.lsst4",
         "job":5
      }
   },
   {
      "model":"dashboard.versionedpackage",
      "pk":11,
      "fields":{
         "git_url":"https://github.com/lsst/afw.git",
         "git_commit":"f7cf9bf6b70af7e3a1ad04f4207a3d14aaad1cc6",
         "build_version":"b2000",
         "name":"afw",
         "git_branch":"master",
         "job":6
      }
   },
   {
      "model":"dashboard.versionedpackage",
      "pk":12,
      "fields":{
         "name": "cfitsio",
         "git_url": "https://github.com/lsst/cfitsio.git",
         "git_commit": "b56ecf282e296255677bc23bc742639d726270fa",
         "git_branch": "master",
         "build_version": "3360.lsst4",
         "job":6
      }
   },

   {
      "model":"dashboard.versionedpackage",
      "pk":13,
      "fields":{
         "git_url":"https://github.com/lsst/afw.git",
         "git_commit":"027f5dbe2f8d1170b462f2e1c987c000cb3361be",
         "build_version":"b2000",
         "name":"afw",
         "git_branch":"master",
         "job":7
      }
   },
   {
      "model":"dashboard.versionedpackage",
      "pk":14,
      "fields":{
         "name": "cfitsio",
         "git_url": "https://github.com/lsst/cfitsio.git",
         "git_commit": "b56ecf282e296255677bc23bc742639d726270fa",
         "git_branch": "master",
         "build_version": "3360.lsst4",
         "job":7
      }
   },
   {
      "model":"dashboard.versionedpackage",
      "pk":15,
      "fields":{
         "git_url":"https://github.com/lsst/afw.git",
         "git_commit":"027f5dbe2f8d1170b462f2e1c987c000cb3361be",
         "build_version":"b2000",
         "name":"afw",
         "git_branch":"master",
         "job":8
      }
   },
   {
      "model":"dashboard.versionedpackage",
      "pk":16,
      "fields":{
         "name": "cfitsio",
         "git_url": "https://github.com/lsst/cfitsio.git",
         "git_commit": "b56ecf282e296255677bc23bc742639d726270fa",
         "git_branch": "master",
         "build_version": "3360.lsst4",
         "job":8
      }
   },
    {
      "model":"dashboard.versionedpackage",
      "pk":17,
      "fields":{
         "git_url":"https://github.com/lsst/afw.git",
         "git_commit":"027f5dbe2f8d1170b462f2e1c987c000cb3361be",
         "build_version":"b2000",
         "name":"afw",
         "git_branch":"master",
         "job":9
      }
   },
    {
      "model":"dashboard.versionedpackage",
      "pk":18,
      "fields":{
         "name": "cfitsio",
         "git_url": "https://github.com/lsst/cfitsio.git",
         "git_commit": "b56ecf282e296255677bc23bc742639d726270fa",
         "git_branch": "master",
         "build_version": "3360.lsst4",
         "job":9
      }
   },
   {
      "model":"dashboard.versionedpackage",
      "pk":19,
      "fields":{
         "git_url":"https://github.com/lsst/afw.git",
         "git_commit":"027f5dbe2f8d1170b462f2e1c987c000cb3361be",
         "build_version":"b2000",
         "name":"afw",
         "git_branch":"master",
         "job":10
      }
   },
     {
      "model":"dashboard.versionedpackage",
      "pk":20,
      "fields":{
         "name": "cfitsio",
         "git_url": "https://github.com/lsst/cfitsio.git",
         "git_commit": "b56ecf282e296255677bc23bc742639d726270fa",
         "git_branch": "master",
         "build_version": "3360.lsst4",
         "job":10
      }
   },
   {
      "model":"dashboard.versionedpackage",
      "pk":21,
      "fields":{
         "git_url":"https://github.com/lsst/afw.git",
         "git_commit":"027f5dbe2f8d1170b462f2e1c987c000cb3361be",
         "build_version":"b2000",
         "name":"afw",
         "git_branch":"master",
         "job":11
      }
   },
  {
      "model":"dashboard.versionedpackage",
      "pk":22,
      "fields":{
         "name": "cfitsio",
         "git_url": "https://github.com/lsst/cfitsio.git",
         "git_commit": "3165f9efe6d2a6516d738be723249231ac743648",
         "git_branch": "master",
         "build_version": "3360.lsst4",
         "job":11
      }
   },
   {
      "model":"dashboard.versionedpackage",
      "pk":23,
      "fields":{
         "git_url":"https://github.com/lsst/afw.git",
         "build_version":"b2000",
         "git_commit":"027f5dbe2f8d1170b462f2e1c987c000cb3361be",
         "name":"afw",
         "git_branch":"master",
         "job":12
      }
   },
   {
      "model":"dashboard.versionedpackage",
      "pk":24,
      "fields":{
         "name": "cfitsio",
         "git_url": "https://github.com/lsst/cfitsio.git",
         "git_commit": "3165f9efe6d2a6516d738be723249231ac743648",
         "git_branch": "master",
         "build_version": "3360.lsst4",
         "job":12
      }
   },
    {
      "model":"dashboard.measurement",
      "pk":1,
      "fields":{
         "metric":"AM1",
         "value":4.0,
         "job":1
      }
   },
   {
      "model":"dashboard.measurement",
      "pk":2,
      "fields":{
         "metric":"AM2",
         "value":5.0,
         "job":1
      }
   },
   {
      "model":"dashboard.measurement",
      "pk":3,
      "fields":{
         "metric":"PA1",
         "value":7.0,
         "job":1
      }
   },
   {
      "model":"dashboard.measurement",
      "pk":4,
      "fields":{
         "metric":"AM1",
         "value":3.5,
         "job":2
      }
   },
   {
      "model":"dashboard.measurement",
      "pk":5,
      "fields":{
         "metric":"AM2",
         "value":5.0,
         "job":2
      }
   },
   {
      "model":"dashboard.measurement",
      "pk":6,
      "fields":{
         "metric":"PA1",
         "value":7.0,
         "job":2
      }
   },
   {
      "model":"dashboard.measurement",
      "pk":7,
      "fields":{
         "metric":"AM1",
         "value":3.0,
         "job":3
      }
   },
   {
      "model":"dashboard.measurement",
      "pk":8,
      "fields":{
         "metric":"AM2",
         "value":5.0,
         "job":3
      }
   },
   {
      "model":"dashboard.measurement",
      "pk":9,
      "fields":{
         "metric":"PA1",
         "value":7.0,
         "job":3
      }
   },
   {
      "model":"dashboard.measurement",
      "pk":10,
      "fields":{
         "metric":"AM1",
         "value":3.5,
         "job":4
      }
   },
   {
      "model":"dashboard.measurement",
      "pk":11,
      "fields":{
         "metric":"AM2",
         "value":5.0,
         "job":4
      }
   },
   {
      "model":"dashboard.measurement",
      "pk":12,
      "fields":{
         "metric":"PA1",
         "value":7.0,
         "job":4
      }
   },
   {
      "model":"dashboard.measurement",
      "pk":13,
      "fields":{
         "metric":"AM1",
         "value":3.0,
         "job":5
      }
   },
   {
      "model":"dashboard.measurement",
      "pk":14,
      "fields":{
         "metric":"AM2",
         "value":5.0,
         "job":5
      }
   },
   {
      "model":"dashboard.measurement",
      "pk":15,
      "fields":{
         "metric":"PA1",
         "value":7.0,
         "job":5
      }
   },
   {
      "model":"dashboard.measurement",
      "pk":16,
      "fields":{
         "metric":"AM1",
         "value":3.5,
         "job":6
      }
   },
   {
      "model":"dashboard.measurement",
      "pk":17,
      "fields":{
         "metric":"AM2",
         "value":5.0,
         "job":6
      }
   },
   {
      "model":"dashboard.measurement",
      "pk":18,
      "fields":{
         "metric":"PA1",
         "value":7.0,
         "job":6
      }
   },
   {
      "model":"dashboard.measurement",
      "pk":19,
      "fields":{
         "metric":"AM2",
         "value":5.0,
         "job":7
      }
   },
   {
      "model":"dashboard.measurement",
      "pk":20,
      "fields":{
         "metric":"AM1",
         "value":3.5,
         "job":7
      }
   },
   {
      "model":"dashboard.measurement",
      "pk":21,
      "fields":{
         "metric":"PA1",
         "value":7.0,
         "job":7
      }
   },
   {
      "model":"dashboard.measurement",
      "pk":22,
      "fields":{
         "metric":"AM2",
         "value":5.0,
         "job":8
      }
   },
   {
      "model":"dashboard.measurement",
      "pk":23,
      "fields":{
         "metric":"AM1",
         "value":3.5,
         "job":8
      }
   },
   {
      "model":"dashboard.measurement",
      "pk":24,
      "fields":{
         "metric":"PA1",
         "value":7.0,
         "job":8
      }
   },
   {
      "model":"dashboard.measurement",
      "pk":25,
      "fields":{
         "metric":"AM2",
         "value":5.0,
         "job":9
      }
   },
   {
      "model":"dashboard.measurement",
      "pk":26,
      "fields":{
         "metric":"AM1",
         "value":3.5,
         "job":9
      }
   },
   {
      "model":"dashboard.measurement",
      "pk":27,
      "fields":{
         "metric":"PA1",
         "value":7.0,
         "job":9
      }
   },
   {
      "model":"dashboard.measurement",
      "pk":28,
      "fields":{
         "metric":"AM2",
         "value":5.0,
         "job":10
      }
   },
   {
      "model":"dashboard.measurement",
      "pk":29,
      "fields":{
         "metric":"AM1",
         "value":3.5,
         "job":10
      }
   },
   {
      "model":"dashboard.measurement",
      "pk":30,
      "fields":{
         "metric":"PA1",
         "value":7.0,
         "job":10
      }
   },
   {
      "model":"dashboard.measurement",
      "pk":31,
      "fields":{
         "metric":"AM1",
         "value":3.0,
         "job":11
      }
   },
   {
      "model":"dashboard.measurement",
      "pk":32,
      "fields":{
         "metric":"AM2",
         "value":5.0,
         "job":11
      }
   },
   {
      "model":"dashboard.measurement",
      "pk":33,
      "fields":{
         "metric":"PA1",
         "value":7.0,
         "job":11
      }
   },
   {
      "model":"dashboard.measurement",
      "pk":34,
      "fields":{
         "metric":"AM1",
         "value":3.5,
         "job":12
      }
   },
   {
      "model":"dashboard.measurement",
      "pk":35,
      "fields":{
         "metric":"AM2",
         "value":5.0,
         "job":12
      }
   },
   {
      "model":"dashboard.measurement",
      "pk":36,
      "fields":{
         "metric":"PA1",
         "value":7.0,
         "job":12
      }
   }
]

